id	picture	name	price	authority	date	controller	article_violated	type	source	summary
1	https://www.privacyaffairs.com/wp-content/uploads/2019/10/republic-of-poland.svg	Poland	9380	Polish 
2	https://www.privacyaffairs.com/wp-content/uploads/2019/10/romania.svg	Romania	2500	Romanian 
3	https://www.privacyaffairs.com/wp-content/uploads/2019/10/spain.svg	Spain	60000	Spanish Data Protection Authority (AEPD)	10/16/2019	Xfera Moviles S.A.	Art. 5 GDPR|Art. 6 GDPR	
4	https://www.privacyaffairs.com/wp-content/uploads/2019/10/spain.svg	Spain	8000	Spanish Data Protection Authority (AEPD)	10/16/2019	Iberdrola Clientes	Art. 31 GDPR	Failure to cooperate with supervisory authority	https://www.aepd.es/resoluciones/PS-00304-2019_ORI.pdf	Iberdrola Clientes violated Article 13 of the GDPR when it showed a complete lack of cooperation with the AEPD. The latter had requested Iberdrola Clientes to provide the necessary information needed to add a person to the solvency list.
5	https://www.privacyaffairs.com/wp-content/uploads/2019/10/romania.svg	Romania	150000	Romanian 
6	https://www.privacyaffairs.com/wp-content/uploads/2019/10/romania.svg	Romania	20000	Romanian 
"7	https://www.privacyaffairs.com/wp-content/uploads/2019/10/greece.svg	Greece	200000	Hellenic Data Protection Authority (HDPA)	10/07/2019	Telecommunication Service Provider	Art. 5 (1) c) GDPR|Art. 25 GDPR	Failure to comply with data processing principles	https://www.dpa.gr/APDPXPortlets/htdocs/documentSDisplay.jsp?docid=3,241,32,146,79,143,149,112	Despite the clear refusal of telemarketing calls by the customers, the company proceeded to ignore this because of technical errors."
"8	https://www.privacyaffairs.com/wp-content/uploads/2019/10/greece.svg	Greece	200000	Hellenic Data Protection Authority (HDPA)	10/07/2019	Telecommunication Service Provider	Art. 21 (3) GDPR|Art. 25 GDPR	Failure to comply with data processing principles	https://www.dpa.gr/APDPXPortlets/htdocs/documentSDisplay.jsp?docid=3,241,32,146,79,143,149,112	Due to technical errors, the personal data of 8.000 customers wasn&#8217;t deleted upon request"
9	https://www.privacyaffairs.com/wp-content/uploads/2019/10/spain.svg	Spain	30000	Spanish Data Protection Authority (AEPD)	10/01/2019	Vueling Airlines	Art. 5 GDPR|Art. 6 GDPR	
10	https://www.privacyaffairs.com/wp-content/uploads/2019/10/romania.svg	Romania	9000	Romanian 
11	https://www.privacyaffairs.com/wp-content/uploads/2019/10/germany.svg	Germany	195407	Data Protection Authority of Berlin	09/19/2019	Delivery Hero	Art. 15 GDPR|Art. 17 GDPR|Art. 21 GDPR	
"12	https://www.privacyaffairs.com/wp-content/uploads/2019/10/belgium.svg	Belgium	10000	Belgian Data Protection Authority (APD)	09/19/2019	Merchant	Art. 5 (1) c) GDPR	Failure to comply with data processing principles	https://www.sudinfo.be/id141981/article/2019-09-19/un-commercant-recu-une-amende-de-10000-euros-pour-avoir-voulu-creer-une-carte-de	A merchant was found guilty of trying to create a customer card using an electronic identity card. In doing so, the merchant would have needed access to personal information on the electronic identity card, including photo and barcode. The fine was 10.000 euros."
13	https://www.privacyaffairs.com/wp-content/uploads/2019/10/republic-of-poland.svg	Poland	644780	Polish 
14	https://www.privacyaffairs.com/wp-content/uploads/2019/10/austria.svg	Austria	50000	Austrian Data Protection Authority (DSB)	08/30/2019	Medical Company	Art. 13 GDPR|Art. 37 GDPR	Information obligation non-compliance	https://apps.derstandard.at/privacywall/story/2000107377808/fussballerinnen-nackt-gefilmt-mostviertler-trainer-muss-strafe-zahlen	The company was fined because it had refused to comply with the obligation of appointing a data protection officer.
15	https://www.privacyaffairs.com/wp-content/uploads/2019/10/bulgaria.svg	Bulgaria	2600000	Data Protection Commission of Bulgaria (KZLD)	08/28/2019	
"16	https://www.privacyaffairs.com/wp-content/uploads/2019/10/bulgaria.svg	Bulgaria	511000	Data Protection Commission of Bulgaria (KZLD)	08/28/2019	DSK Bank	Art. 32 GDPR	Failure to implement sufficient measures to ensure information security	https://www.dvi.gov.lv/lv/zinas/datu-valsts-inspekcija-piemero-7000-eiro-lielu-naudas-sodu-internetveikalam-par-personas-datu-apstrades-parkapumiem/	Data leakage due to the inappropriate security and organizational measures of the company. Information related to more than 23.000 credits records belonging to more than 33.000 customers were made public. The data included names, ID numbers, biometric data, addresses, and copies of identity cards."
17	https://www.privacyaffairs.com/wp-content/uploads/2019/10/latvia.svg	Latvia	7000	Data State Inspectorate (DSI)	08/26/2019	Online services provider	Art. 17 GDPR	
18	https://www.privacyaffairs.com/wp-content/uploads/2019/10/sweden.svg	Sweden	18630	Data Protection Authority of Sweden	08/20/2019	Skellefteå school	Art. 5 (1) c) GDPR|Art. 9 GDPR|Art. 35 GDPR|Art. 36 GDPR	
19	https://www.privacyaffairs.com/wp-content/uploads/2019/10/spain.svg	Spain	60000	Spanish Data Protection Authority (AEPD)	08/16/2019	Avon Cosmetics	Art. 6 GDPR	
20	https://www.privacyaffairs.com/wp-content/uploads/2019/10/austria.svg	Austria	11000	Austrian Data Protection Authority (DSB)	07/31/2019	Private individual (football coach)	Art. 6 GDPR	
21	https://www.privacyaffairs.com/wp-content/uploads/2019/10/greece.svg	Greece	150000	Hellenic Data Protection Authority (HDPA)	07/30/2019	PWC Business Solutions	Art. 5 (1) GDPR|Art. 5 (2) GDPR|Art. 6 (1) GDPR|Art. 13 (1) c) GDPR|Art. 14 (1) c) GDPR	
22	https://www.privacyaffairs.com/wp-content/uploads/2019/10/france.svg	France	180000	French Data Protection Authority (C
"23	https://www.privacyaffairs.com/wp-content/uploads/2019/10/united-kingdom.svg	United Kingdom	0	Information Commissioner (ICO)	07/09/2019	Marriott International, Inc	Art. 32 GDPR	Failure to implement sufficient measures to ensure information security	https://ico.org.uk/about-the-ico/news-and-events/news-and-blogs/2019/07/statement-intention-to-fine-marriott-international-inc-more-than-99-million-under-gdpr-for-data-breach/	While the trial hasn’t ended yet, the ICO intends to fine the company. This is in accordance with Art. 32 of the GDPR, which the company allegedly infringed in a cyber-incident in "
"24	https://www.privacyaffairs.com/wp-content/uploads/2019/10/united-kingdom.svg	United Kingdom	0	Information Commissioner (ICO)	07/08/2019	British Airways	Art. 32 GDPR	Failure to implement sufficient measures to ensure information security	https://ico.org.uk/about-the-ico/news-and-events/news-and-blogs/2019/07/ico-announces-intention-to-fine-british-airways/	The ICO notified the British Airways of its intention to issue a fine worth 183.39 million pounds because of an alleged infringement of Art. 31 of the GDPR. The reason for this is related to an incident which the company reported in September 2018, when the British Airways website had diverted the users’ traffic to a dangerous website. The hackers in charge of this website had stolen the personal data of more than 500.000 customers. The company had poor security mechanisms to prevent such cyber-attacks from happening.<strong>"
25	https://www.privacyaffairs.com/wp-content/uploads/2019/10/romania.svg	Romania	3000	Romanian 
26	https://www.privacyaffairs.com/wp-content/uploads/2019/10/romania.svg	Romania	15000	Romanian 
27	https://www.privacyaffairs.com/wp-content/uploads/2019/10/romania.svg	Romania	130000	Romanian 
28	https://www.privacyaffairs.com/wp-content/uploads/2019/10/hungary.svg	Hungary	15150	Hungarian 
29	https://www.privacyaffairs.com/wp-content/uploads/2019/10/netherlands.svg	
30	https://www.privacyaffairs.com/wp-content/uploads/2019/10/france.svg	France	20000	French Data Protection Authority (C
31	https://www.privacyaffairs.com/wp-content/uploads/2019/10/spain.svg	Spain	250000	Spanish Data Protection Authority (AEPD)	06/11/2019	Professional Football League (LaLiga)	Art. 5 (1) a)|Art. 7 (3) GDPR	Information obligation non-compliance	https://www.eldiario.es/tecnologia/Agencia-Proteccion-Datos-Liga-microfono_0_908859408.html#click=https://t.co/RI3qZzucaB	A fine was issued to the 
"32	https://www.privacyaffairs.com/wp-content/uploads/2019/10/denmark.svg	Denmark	200850	Danish Data Protection Authority (Datatilsynet)	06/03/2019	IDdesign A/S	Art. 5 (1) e) GDPR|Art. 5 (2) GDPR	Failure to comply with data processing principles	https://www.datatilsynet.dk/tilsyn-og-afgoerelser/afgoerelser/2019/jun/tilsyn-med-iddesigns-behandling-af-personoplysninger/	After an inspection in 2018 when irregularities were noticed, the company IDdesign was fined. The company had overused the data of over 380.000 customers for a longer period of time than they were allowed to, as per the initial goals of the data processing. Moreover, the company had no clear deadlines regarding the deletion of personal data. The controller had also ignored the necessity of having a clear policy on the data deletion procedures."
33	https://www.privacyaffairs.com/wp-content/uploads/2019/10/belgium.svg	Belgium	2000	Belgian Data Protection Authority (APD)	05/28/2019	A mayor	Art. 5 (1) b) GDPR|Art. 6 GDPR	Several	https://www.autoriteprotectiondonnees.be/news/lautorite-de-protection-des-donnees-prononce-une-sanction-dans-le-cadre-dune-campagne	A mayor was fined for having misused people’s personal data during a political campaign.
34	https://www.privacyaffairs.com/wp-content/uploads/2019/10/france.svg	France	400000	French Data Protection Authority (C
35	https://www.privacyaffairs.com/wp-content/uploads/2019/10/hungary.svg	Hungary	92146	Hungarian 
"36	https://www.privacyaffairs.com/wp-content/uploads/2019/10/lithuania.svg	Lithuania	61500	Lithuanian Data Protection Authority (VDAI)	05/16/2019	UAB MisterTango	Art. 5 GDPR|Art. 32 GDPR|Art. 33 GDPR	Failure to implement sufficient measures to ensure information security and information obligation non-compliance	https://www.ada.lt/go.php/lit/Imones-atsakomybes-neisvengs--lietuvoje-skirta-zenkli-bauda-uz-bendrojo-duomenu-apsaugos-reglamento-pazeidimus-/1	The data controllers had overextended his authority to collect unwarranted information about the clients. Moreover, a data breach took place from 09-10 July 2018, when payment data was made available on the internet. Moreover, the data controllers had not reported the data breach."
37	https://www.privacyaffairs.com/wp-content/uploads/2019/10/czech-republic.svg	Czech Republic	3105	Czech Data Protection Authority (UOOU)	05/13/2019	
38	https://www.privacyaffairs.com/wp-content/uploads/2019/10/germany.svg	Germany	1400	Data Protection Authority of Baden-Wuerttemberg	05/09/2019	Police Officer	Art. 6 GDPR	
39	https://www.privacyaffairs.com/wp-content/uploads/2019/10/czech-republic.svg	Czech Republic	194	Czech Data Protection Auhtority (UOOU)	05/06/2019	Public utility company	Art. 15 GDPR	
40	https://www.privacyaffairs.com/wp-content/uploads/2019/10/norway.svg	
41	https://www.privacyaffairs.com/wp-content/uploads/2019/10/republic-of-poland.svg	Poland	12950	Polish 
"42	https://www.privacyaffairs.com/wp-content/uploads/2019/10/italy.svg	Italy	50000	Italian Data Protection Authority (Garante)	04/24/2019	Movimento 5 Stelle Party	Art. 32 GDPR	Failure to implement sufficient measures to ensure information security	https://www.garanteprivacy.it/web/guest/home/docweb/-/docweb-display/docweb/9101974	Website affiliated with the Movimento 5 Stelle, an Italian political party, had a data breach in 2017. Rousseau, the data processor running these websites, had insufficient security measures in place. Garante, the Italian Data Protection Authority, issued a request to update these measures and the privacy information notice, for more transparency on the processing of data. The information issue was completed on time. However, Rousseau failed to adopt new security measures, and it was fined by Garante."
43	https://www.privacyaffairs.com/wp-content/uploads/2019/10/hungary.svg	Hungary	9400	Hungarian 
44	https://www.privacyaffairs.com/wp-content/uploads/2019/10/bulgaria.svg	Bulgaria	510	Data Protection Commission of Bulgaria (KZLD)	04/08/2019	Medical service providers	Art. 5 (1) a) GDPR|Art. 9 (1) GDPR|Art. 9 (2) GDPR|Art. 6 (1) GDPR	
45	https://www.privacyaffairs.com/wp-content/uploads/2019/10/hungary.svg	Hungary	34375	Hungarian 
46	https://www.privacyaffairs.com/wp-content/uploads/2019/10/hungary.svg	Hungary	1900	Hungarian 
47	https://www.privacyaffairs.com/wp-content/uploads/2019/10/norway.svg	
48	https://www.privacyaffairs.com/wp-content/uploads/2019/10/republic-of-poland.svg	Poland	219538	Polish 
49	https://www.privacyaffairs.com/wp-content/uploads/2019/10/bulgaria.svg	Bulgaria	5100	Data Protection Commission of Bulgaria (KZLD)	03/26/2019	A.P. EOOD	Art. 5 (1) a) GDPR|Art. 6 GDPR	
50	https://www.privacyaffairs.com/wp-content/uploads/2019/10/portugal.svg	Portugal	2000	Portuguese Data Protection Authority (C
51	https://www.privacyaffairs.com/wp-content/uploads/2019/10/czech-republic.svg	Czech Republic	9704	Czech Data Protection Authority (UOOU)	03/21/2019	
52	https://www.privacyaffairs.com/wp-content/uploads/2019/10/hungary.svg	Hungary	3200	Hungarian 
53	https://www.privacyaffairs.com/wp-content/uploads/2019/10/germany.svg	Germany	50000	Data Protection Authority of Berlin	03/01/2019	
54	https://www.privacyaffairs.com/wp-content/uploads/2019/10/czech-republic.svg	Czech Republic	582	Czech Data Protection Authority (UOOU)	02/28/2019	
55	https://www.privacyaffairs.com/wp-content/uploads/2019/10/hungary.svg	Hungary	3200	Hungarian 
56	https://www.privacyaffairs.com/wp-content/uploads/2019/10/bulgaria.svg	Bulgaria	27100	Bulgarian Commission for Personal Data Protection (KZLD)	02/26/2019	Telecommunication service provider	Art. 6 GDPR|Art. 5 (1) a) GDPR	
57	https://www.privacyaffairs.com/wp-content/uploads/2019/10/czech-republic.svg	Czech Republic	776	Czech Data Protection Authority (UOOU)	02/26/2019	
58	https://www.privacyaffairs.com/wp-content/uploads/2019/10/bulgaria.svg	Bulgaria	500	Bulgarian Commission for Personal Data Protection (KZLD)	02/22/2019	Unknown company	Art. 15 GDPR	
59	https://www.privacyaffairs.com/wp-content/uploads/2019/10/hungary.svg	Hungary	1560	Hungarian 
60	https://www.privacyaffairs.com/wp-content/uploads/2019/10/malta.svg	Malta	5000	Data Protection Commissioner of Malta	02/18/2019	Lands Authority	Art. 5 GDPR|Art. 32 GDPR	Failure to implement sufficient measures to ensure information security	https://www.gvzh.com.mt/malta-news/idpc-fines-lands-authority-data-breach/	The Lands Authority had a data breach where 10 GB worth of personal data was publicly accessible on the internet. The data contained sensitive information about data subjects. The Data Protection Commissioner might issue a fine of 25.000 Euros for each of the violations (data breaches).
61	https://www.privacyaffairs.com/wp-content/uploads/2019/10/hungary.svg	Hungary	1560	Hungarian 
62	https://www.privacyaffairs.com/wp-content/uploads/2019/10/germany.svg	Germany	2500	Data Protection Authority of Sachsen-Anhalt	02/05/2019	Private individual	Art. 6 GDPR|Art. 5 GDPR	
63	https://www.privacyaffairs.com/wp-content/uploads/2019/10/portugal.svg	Portugal	20000	Portuguese Data Protection Authority (C
"64	https://www.privacyaffairs.com/wp-content/uploads/2019/10/czech-republic.svg	Czech Republic	1165	Czech Data Protection Authority (UOOU)	02/04/2019	Car renting company	Art. 5 (1) a) GDPR	Failure to implement sufficient measures to ensure information security	https://www.uoou.cz/assets/File.ashx?id_org=200144&id_dokumenty=34465	The company sold a card that was constantly tracked through GPS. The owner found this out and reported it since the company had no information related to this GPS tracking. The Czech Data Protection Authority decreed that this was a violation of Art. 5 (1) of the GDPR, and issued a fine."
65	https://www.privacyaffairs.com/wp-content/uploads/2019/10/czech-republic.svg	Czech Republic	1165	Czech Data Protection Authority (UOOU)	02/04/2019	Credit brokerage	Art. 32 GDPR	Failure to implement sufficient measures to ensure information security	https://www.uoou.cz/assets/File.ashx?id_org=200144&id_dokumenty=34467	The company did not process the data using the appropriate security measures required to prevent unlawful alteration or destruction of the data.
66	https://www.privacyaffairs.com/wp-content/uploads/2019/10/france.svg	France	50000000	French Data Protection Authority (C
67	https://www.privacyaffairs.com/wp-content/uploads/2019/10/bulgaria.svg	Bulgaria	500	Bulgarian Commission for Personal Data Protection (KZLD)	01/17/2019	Bank	Art. 6 GDPR|Art. 5 (1) a) GDPR	
68	https://www.privacyaffairs.com/wp-content/uploads/2019/10/czech-republic.svg	Czech Republic	388	Czech Data Protection Authority (UOOU)	01/10/2019	Company	Art. 6 GDPR	
69	https://www.privacyaffairs.com/wp-content/uploads/2019/10/cyprus.svg	Cyprus	14000	Cypriot Data Protection Commissioner	01/01/2019	Doctor	Art. 5 GDPR|Art. 6 GDPR	
70	https://www.privacyaffairs.com/wp-content/uploads/2019/10/austria.svg	Austria	2200	Austrian Data Protection Authority (DSB)	12/20/2018	Private individual	Art. 5 (1) a) GDPR|Art. 5 (1) c) GDPR|Art. 6 (1) GDPR|Art. 13 GDPR	
71	https://www.privacyaffairs.com/wp-content/uploads/2019/10/hungary.svg	Hungary	3200	Hungarian 
"72	https://www.privacyaffairs.com/wp-content/uploads/2019/10/germany.svg	Germany	5000	Data Protection Authority of Hamburg	12/17/2018	Kolibri Image Regina und Dirk Maass GbR	Art. 28 (3) GDPR	Failure to collect sufficient data processing consent	https://www.heise.de/newsticker/meldung/DSGVO-5000-Euro-Bussgeld-fuer-fehlenden-Auftragsverarbeitungsvertrag-4282737.html	This fine was apparently withdrawn. The case concerned the Kolibri Image who lodged a complaint that a service provider did not want to sign a processing agreement. Afterward, the Kolibri Image was fined because it didn’t have any processing agreement with the service provider. However, the company argued that the service provider was not a processor, and therefore the fine was unreasonable and unwarranted."
73	https://www.privacyaffairs.com/wp-content/uploads/2019/10/austria.svg	Austria	4800	Austrian Data Protection Authority (DSB)	12/12/2018	Bookmaker	Art. 13 GDPR	Information obligation non-compliance	https://www.dsb.gv.at/documents/22758/116802/Straferkenntnis+DSB-D550.038+0003-DSB+2018.pdf/fb0bb313-8651-44ac-a713-c286d83e3f19	The betting place used a system of video surveillance illegally because it filmed the public space (the sidewalk). Private individuals are not allowed to do this on a large scale like in this case.
"74	https://www.privacyaffairs.com/wp-content/uploads/2019/10/germany.svg	Germany	20000	Data Protection Authority of Baden-Wuerttemberg	11/21/2018	Knuddels.de	Art. 32 GDPR	Failure to implement sufficient measures to ensure information security	https://www.baden-wuerttemberg.datenschutz.de/lfdi-baden-wuerttemberg-verhaengt-sein-erstes-bussgeld-in-deutschland-nach-der-ds-gvo/	A hack revealed the personal data that included email addresses and passwords of around 330,000 users."
75	https://www.privacyaffairs.com/wp-content/uploads/2019/10/czech-republic.svg	Czech Republic	388	Czech Data Protection Auhtority (UOOU)	10/25/2018	
76	https://www.privacyaffairs.com/wp-content/uploads/2019/10/austria.svg	Austria	300	Austrian Data Protection Authority (DSB)	09/27/2018	Private individual	Art. 5 (1) a) GDPR|Art. 6 GDPR	
77	https://www.privacyaffairs.com/wp-content/uploads/2019/10/portugal.svg	Portugal	400000	Portuguese Data Protection Authority (C
78	https://www.privacyaffairs.com/wp-content/uploads/2019/10/bulgaria.svg	Bulgaria	500	Bulgarian Commission for Personal Data Protection (KZLD)	05/12/2018	Bank	Art. 5 (1) b) GDPR|Art. 6 GDPR	
79	https://www.privacyaffairs.com/wp-content/uploads/2019/10/austria.svg	Austria	18000000	Austrian Data Protection Authority (DSB)	10/23/2019	Austrian Post	Art. 5 (1) a) GDPR|Art. 6 GDPR	
80	https://www.privacyaffairs.com/wp-content/uploads/2019/10/germany.svg	Germany	80000	Data Protection Authority of Baden-Wuerttemberg	07/30/2019	Unknown	Art. 32 GDPR	Failure to implement sufficient measures to ensure information security	https://www.baden-wuerttemberg.datenschutz.de/wp-content/uploads/2019/07/PM-Datenschutzverletzungen-bereiten-zunehmend-Sorge-30.07.2019.pdf	Two companies working in finances didn’t follow the procedure when disposing of personal data.
"81	https://www.privacyaffairs.com/wp-content/uploads/2019/10/germany.svg	Germany	80000	Data Protection Authority of Baden-Wuerttemberg	10/17/2019	Unknown	Art. 32 GDPR	Failure to implement sufficient measures to ensure information security	https://www.baden-wuerttemberg.datenschutz.de/wp-content/uploads/2019/07/PM-Datenschutzverletzungen-bereiten-zunehmend-Sorge-30.07.2019.pdf	Because of insufficient data security mechanisms, a digital publication accidentally disclosed personal health data related to several subjects."
"82	https://www.privacyaffairs.com/wp-content/uploads/2019/10/germany.svg	Germany	14500000	Data Protection Authority of Baden-Wuerttemberg	10/30/2019	Deutsche Wohnen SE	Art. 5 GDPR|Art. 25 GDPR	Failure to comply with data processing principles	https://www.lexology.com/library/detail.aspx?g=1e75e1a5-2bb6-409c-b1dd-239f51bdb2bd	The company collected data from multiple tenants without providing the option to remove that data once it was no longer required. This led to the company retaining personal data of tenants for years (salary statements, social security insurances, health insurances, tax insurances, bank statements). The Berlin Data Commissioner issued a fine of €14,500,000."
83	https://www.privacyaffairs.com/wp-content/uploads/2019/10/spain.svg	Spain	36000	Spanish Data Protection Authority (AEPD)	10/25/2019	Vodafone Espana	Art. 5 GDPR|Art. 6 GDPR	
84	https://www.privacyaffairs.com/wp-content/uploads/2019/10/republic-of-poland.svg	Poland	220000	Personal Data Protection Office	03/29/2019	Bisnode	Art.14 GDPR	
85	https://www.privacyaffairs.com/wp-content/uploads/2019/10/united-kingdom.svg	United Kingdom	100000	Information Commissioner	06/24/2019	EE	Art.14 GDPR	
86	https://www.privacyaffairs.com/wp-content/uploads/2019/10/united-kingdom.svg	United Kingdom	0	Information Commissioner	07/10/2019	Driver and Vehicle Licensing Agency (DVLA)	Unknown	
87	https://www.privacyaffairs.com/wp-content/uploads/2019/10/united-kingdom.svg	United Kingdom	80000	Information Commissioner	07/16/2019	Life at Parliament View	Data Protection Act 2018	
88	https://www.privacyaffairs.com/wp-content/uploads/2019/10/united-kingdom.svg	United Kingdom	140000	Information Commissioner	02/01/2019	Leave.EU & GoSkippy	Art.14 of the GDPR	
89	https://www.privacyaffairs.com/wp-content/uploads/2019/10/germany.svg	Germany	5000	Data Protection Authority	01/23/2019	Small shipping company	Art. 28 of the GDPR	https://dataprivacy.foxrothschild.com/2019/01/articles/european-union/hessian-dpa-fines-shipping-company-for-missing-data-processing-agreement/	The data controller company lacked a data processing agreement with the Spanish service provider.	The data controller company lacked a data processing agreement with the Spanish service provider.
"90	https://www.privacyaffairs.com/wp-content/uploads/2019/10/spain.svg	Spain	5000	Spanish Data Protection Authority (AEPD)	01/01/1970	Vodafone Espana	Art. 5 (1) d) GDPR	Failure to comply with processing principles	https://www.aepd.es/resoluciones/PS-00331-2018_ORI.pdf	Vodafone mistakenly charged a customer whose information it disclosed to BADEXCUG, a solvency registry. SETSTI, the Spanish telecommunications and information agency demanded that Vodafone reimburse the client. The AEPD decided that Vodafone had acted erroneously and that it had breached the principle of accuracy. "
91	https://www.privacyaffairs.com/wp-content/uploads/2019/10/spain.svg	Spain	60000	Spanish Data Protection Authority (AEPD)	01/01/1970	Gestion De Cobros Yo Cobro SL	Art. 5 (1) f) GDPR	
92	https://www.privacyaffairs.com/wp-content/uploads/2019/10/spain.svg	Spain	27000	Spanish Data Protection Authority (AEPD)	01/01/1970	Vodafone Espana	Art. 5 (1) d) GDPR	
93	https://www.privacyaffairs.com/wp-content/uploads/2019/10/spain.svg	Spain	60000	Spanish Data Protection Authority (AEPD)	01/01/1970	E
94	https://www.privacyaffairs.com/wp-content/uploads/2019/10/spain.svg	Spain	12000	Spanish Data Protection Authority (AEPD)	01/01/1970	Restaurant	Art. 5 (1) a) GDPR|Art. 6 GDPR	
95	https://www.privacyaffairs.com/wp-content/uploads/2019/11/slovakia.svg	Slovakia	0	Slovak Data Protection Office	01/01/1970	Unknown	Art. 15 GDPR	
"96	https://www.privacyaffairs.com/wp-content/uploads/2019/11/slovakia.svg	Slovakia	0	Slovak Data Protection Office	01/01/1970	Unknown	Art. 5 (1) f) GDPR|Art. 32 GDPR	Failure to implement sufficient measures to ensure information security	https://www.dataprotection.gov.sk/uoou/sites/default/files/sprava_o_stave_ochrany_osobnych_udajov_za_obdobie_25.maj_2018_az_24_maj_2019.pdf	Personal data in the form of documents were thrown to the garbage dump, which is an improper method of disposing of such documents."
97	https://www.privacyaffairs.com/wp-content/uploads/2019/11/slovakia.svg	Slovakia	0	Slovak Data Protection Office	01/01/1970	Unknwon	Art. 5 (1) f) GDPR|Art. 32 GDPR	Failure to implement sufficient measures to ensure information security	https://www.dataprotection.gov.sk/uoou/sites/default/files/sprava_o_stave_ochrany_osobnych_udajov_za_obdobie_25.maj_2018_az_24_maj_2019.pdf	Improper information security measures in place.
98	https://www.privacyaffairs.com/wp-content/uploads/2019/11/slovakia.svg	Slovakia	0	Slovak Data Protection Office	01/01/1970	Unknown	Art. 5 (1) a) GDPR|Art. 6 (1) a) GDPR	
99	https://www.privacyaffairs.com/wp-content/uploads/2019/11/slovakia.svg	Slovakia	0	Slovak Data Protection Office	01/01/1970	Unknown	Failure to implement sufficient measures to ensure information security	Art. 32 GDPR	https://www.etrend.sk/ekonomika/gdpr-zacina-hryzt-telekomunikacny-operator-dostal-pokutu-40-tisic-eur.html	The data controller didn’t properly impose the necessary security measures needed to protect personal data.
100	https://www.privacyaffairs.com/wp-content/uploads/2019/10/germany.svg	Germany	500	Data Protection Authority of Hamburg	01/01/1970	Unknown	Art. 6 GDPR	
101	https://www.privacyaffairs.com/wp-content/uploads/2019/10/germany.svg	Germany	0	Data Protection Authority of Saarland	01/01/1970	Unknown	Art. 6 GDPR	
102	https://www.privacyaffairs.com/wp-content/uploads/2019/10/germany.svg	Germany	20000	Data Protection Authority of Hamburg	12/01/2018	Unknown	Art. 83 (4) a) GDPR|Art. 33 (1) GDPR|Art. 34 (1) GDPR	Information obligation non-compliance	https://datenschutz-hamburg.de/assets/pdf/27._Taetigkeitsbericht_Datenschutz_2018_HmbBfDI.pdf	A data breach was not notified in time and the affected subjects were not made aware.
"103	https://www.privacyaffairs.com/wp-content/uploads/2019/10/germany.svg	Germany	80000	Data Protection Authority of Baden-Wuerttemberg	07/30/2019	Unknown	Art. 32 GDPR	Failure to implement sufficient measures to ensure information security	https://www.baden-wuerttemberg.datenschutz.de/wp-content/uploads/2019/07/PM-Datenschutzverletzungen-bereiten-zunehmend-Sorge-30.07.2019.pdf	In a digital publication, health data was accidentally published due to inadequate internal control mechanisms.Due to inadequate internal control mechanisms, health data was made public by a digital publication."
"104	https://www.privacyaffairs.com/wp-content/uploads/2019/10/germany.svg	Germany	0	Data Protection Authority of Berlin	10/01/2019	Deutsche Wohnen SE	Art. 5 GDPR|Art. 25 GDPR	Failure to comply with data processing principles	https://www.datenschutz-berlin.de/fileadmin/user_upload/pdf/pressemitteilungen/2019/20191105-PM-Bussgeld_DW.pdf	Further fines of between €6,000 and €17,000 were issues to the company due to the faulty storage of personal data. See the separate entry about Deutsche Wohnen SE."
105	https://www.privacyaffairs.com/wp-content/uploads/2019/10/austria.svg	Austria	1800	Austrian Data Protection Authority (DSB)	11/01/2018	Restaurant	Unknown	Unknown	https://apps.derstandard.de/privacywall/story/2000092017999/erst-vier-strafen-wegen-dsgvo-seit-mai	CCTV footage was not properly used.
106	https://www.privacyaffairs.com/wp-content/uploads/2019/10/cyprus.svg	Cyprus	5000	Cypriot Data Protection Commissioner	03/01/2019	State Hospital	Art. 15 GDPR	
"107	https://www.privacyaffairs.com/wp-content/uploads/2019/10/denmark.svg	Denmark	160000	Danish Data Protection Authority (Datatilsynet)	03/01/2019	Taxa 4x35	Art. 5(1) e) GDPR	Failure to comply with processing principles	https://www.computerworld.dk/art/246918/datatilsynet-melder-foerste-danske-selskab-til-politiet-for-brud-paa-gdpr-kraever-boede-paa-1-2-millioner-kroner	The taxi company was discovered having over 9 million person records that it stored unlawfully. Because the company hadn’t deleted this personal data, the Danish Data Protection Authority issued a fine."
108	https://www.privacyaffairs.com/wp-content/uploads/2019/10/netherlands.svg	
109	https://www.privacyaffairs.com/wp-content/uploads/2019/10/republic-of-poland.svg	Poland	47000	Polish 
110	https://www.privacyaffairs.com/wp-content/uploads/2019/10/spain.svg	Spain	12000	Spanish Data Protection Authority (AEPD)	01/21/2019	Madrileña Red de Gas	Art. 32 GDPR	Failure to implement sufficient measures to ensure information security	https://www.aepd.es/resoluciones/PS-00188-2019_ORI.pdf	The gas company did not have the necessary technical measures in place to verify the identity of the subjects&#8217; data. It was alleged by a third party that the company emailed their information to a third party in regards to a request.
111	https://www.privacyaffairs.com/wp-content/uploads/2019/10/spain.svg	Spain	6000	Spanish Data Protection Authority (AEPD)	10/31/2019	Jocker Premium Invex	Art. 6 GDPR	
112	https://www.privacyaffairs.com/wp-content/uploads/2019/10/spain.svg	Spain	1500	Spanish Data Protection Authority (AEPD)	11/06/2019	Cerrajero Online	Art. 13 GDPR	Information obligation non-compliance	https://www.aepd.es/resoluciones/PS-00266-2019_ORI.pdf	The company collected personal data without accurate information regarding the collection of this data.
113	https://www.privacyaffairs.com/wp-content/uploads/2019/10/spain.svg	Spain	900	Spanish Data Protection Authority (AEPD)	11/07/2019	TODOTEC
114	https://www.privacyaffairs.com/wp-content/uploads/2019/10/spain.svg	Spain	3000	Spanish Data Protection Authority (AEPD)	11/13/2019	General Confederation of Labour	Art. 6 GDPR	
115	https://www.privacyaffairs.com/wp-content/uploads/2019/10/spain.svg	Spain	30000	Spanish Data Protection Authority (AEPD)	11/14/2019	Telefónica SA	Art. 5 GDPR	
116	https://www.privacyaffairs.com/wp-content/uploads/2019/10/spain.svg	Spain	60000	Spanish Data Protection Authority (AEPD)	11/19/2019	Corporacion RTVE	Art. 32 GDPR	Failure to implement sufficient measures to ensure information security	https://www.aepd.es/resoluciones/PS-00305-2019_ORI.pdf	Corporacion de Radio y Television Espanola lost 6 USB sticks with unencrypted personal information and data.
117	https://www.privacyaffairs.com/wp-content/uploads/2019/10/spain.svg	Spain	60000	Spanish Data Protection Authority (AEPD)	11/21/2019	Viaqua Xestión SA	Art. 6 GDPR	
118	https://www.privacyaffairs.com/wp-content/uploads/2019/10/romania.svg	Romania	2000	Romanian 
119	https://www.privacyaffairs.com/wp-content/uploads/2019/10/romania.svg	Romania	11000	Romanian 
120	https://www.privacyaffairs.com/wp-content/uploads/2019/10/france.svg	France	500000	French Data Protection Authority (C
121	https://www.privacyaffairs.com/wp-content/uploads/2019/10/latvia.svg	Latvia	150000	Data State Inspectorate (DSI)	11/01/2019	Unknown	Art. 6 GDPR	
122	https://www.privacyaffairs.com/wp-content/uploads/2019/10/cyprus.svg	Cyprus	10000	Cypriot Data Protection Commissioner	03/01/2019	
123	https://www.privacyaffairs.com/wp-content/uploads/2019/10/czech-republic.svg	Czech Republic	3140	Czech Data Protection Authority (UOOU)	01/01/1970	UniCredit Bank	Art. 6 GDPR	
124	https://www.privacyaffairs.com/wp-content/uploads/2019/10/czech-republic.svg	Czech Republic	588	Czech Data Protection Authority (UOOU)	01/01/1970	Alza.cz a.s.	Art. 6 GDPR|Art. 7 GDPR	
"125	https://www.privacyaffairs.com/wp-content/uploads/2019/10/czech-republic.svg	Czech Republic	980	Czech Data Protection Authority (UOOU)	01/01/1970	Individual entrepreneur	Art. 32 GDPR	Failure to implement sufficient measures to ensure information security	https://www.uoou.cz/kontrola-zabezpeceni-osobnich-udaju-pri-provozovani-online-hry-fyzicka-osoba-podnikajici/ds-5723/archiv=0&p1=5653	An online game operator was exposed to a DDoS attack that led to the malfunctioning of the game serves. The attackers blackmailed the operator into paying money for the attacks to stop. As part of the &#8220;deal&#8221;, the attackers offered the operator to create and implement a better firewall protection system that would prevent any future attacks from other parties. The operator agreed to this &#8220;deal&#8221;. The game operator then implemented the new code which indeed proved to be better than the old one used but &#8211; let&#8217;s be honest, unsurprisingly &#8211; also included a backdoor that allowed the attacker to steal all the data that was on the server which included player details and personal information. The attacker uploaded this information on their website after that. "
126	https://www.privacyaffairs.com/wp-content/uploads/2019/10/portugal.svg	Portugal	2000	Portuguese Data Protection Authority (C
127	https://www.privacyaffairs.com/wp-content/uploads/2019/10/spain.svg	Spain	60000	Spanish Data Protection Authority (AEPD)	11/19/2019	Xfera Moviles S.A.	Art. 32 GDPR	Failure to implement sufficient measures to ensure information security	https://www.aepd.es/resoluciones/PS-00237-2019_ORI.pdf	A private individual received an SMS from Xfera Móviles which was actually addressed to a different person and which included personal details of that third party person. The information included personal details as well as login details to the Xfera Móviles website for the third party person.
128	https://www.privacyaffairs.com/wp-content/uploads/2019/11/slovakia.svg	Slovakia	40000	Slovak Data Protection Office	09/27/2019	Slovak Telekom	Art. 32 GDPR	Failure to implement sufficient measures to ensure information security	https://www.etrend.sk/ekonomika/gdpr-zacina-hryzt-telekomunikacny-operator-dostal-pokutu-40-tisic-eur.html	The data controller did not take the necessary technical measures to prevent a data breach. 
"129	https://www.privacyaffairs.com/wp-content/uploads/2019/11/slovakia.svg	Slovakia	50000	Slovak Data Protection Office	11/13/2019	Social Insurance Agency	""Art. 32 GDPR	""	Failure to implement sufficient measures to ensure information security	https://www.etrend.sk/ekonomika/socialna-poistovna-porusila-gdpr-pokutu-50-tisic-eur-nechce-zaplatit.html	Applications that were received from Slovak citizens requesting social benefits were sent to foreign authorities by post. These were lost, which resulted in all the personal details of the affected people to become public, including their physical addresses."
130	https://www.privacyaffairs.com/wp-content/uploads/2019/10/romania.svg	Romania	20000	Romanian 
131	https://www.privacyaffairs.com/wp-content/uploads/2019/10/romania.svg	Romania	80000	Romanian 
132	https://www.privacyaffairs.com/wp-content/uploads/2019/10/romania.svg	Romania	2500	Romanian 
133	https://www.privacyaffairs.com/wp-content/uploads/2019/10/belgium.svg	Belgium	5000	Belgian Data Protection Authority (APD)	11/28/2019	City councilor	Art. 6 GDPR	
134	https://www.privacyaffairs.com/wp-content/uploads/2019/10/belgium.svg	Belgium	5000	Belgian Data Protection Authority (APD)	11/28/2019	Mayor	Art. 6 GDPR	
135	https://www.privacyaffairs.com/wp-content/uploads/2019/10/spain.svg	Spain	10000	Spanish Data Protection Authority (AEPD)	12/02/2019	Ikea Ibérica	Art. 6 GDPR	
136	https://www.privacyaffairs.com/wp-content/uploads/2019/10/germany.svg	Germany	105000	Data Protection Authority of Rheinland-Pfalz	12/03/2019	Rheinland-Pfalz Hospital	Art. 5 GDPR	
137	https://www.privacyaffairs.com/wp-content/uploads/2019/10/germany.svg	Germany	10000	The Federal Commissioner for Data Protection and Freedom of Information (BfDI)	12/09/2019	Rapidata GmbH	Art. 37 GDPR	
"138	https://www.privacyaffairs.com/wp-content/uploads/2019/10/germany.svg	Germany	9550000	The Federal Commissioner for Data Protection and Freedom of Information (BfDI)	12/09/2019	1&1 Telecom GmbH	Art. 32 GDPR	Failure to implement sufficient measures to ensure information security	https://www.bfdi.bund.de/DE/Infothek/Pressemitteilungen/2019/30_BfDIverh%C3%A4ngtGeldbu%C3%9Fe1u1.html	The telecom company 1&#038;1 Telecom GmbH was fined with €9,550,000 after it came to light that sensitive customer information could be obtained by phone by anyone by just telling a client&#8217;s name and date of birth. This could have permitted anyone to obtain the personal information of any customer in case they knew their name and date of birth. The BfDI considered that the company failed to implement the necessary technical measures to ensure the protection of personal data. The BfDI further revealed that the fine was intended to be much larger but was eventually decreased due to the cooperation of the company during the investigation."
139	https://www.privacyaffairs.com/wp-content/uploads/2019/10/bulgaria.svg	Bulgaria	28160	Data Protection Commission of Bulgaria (KZLD)	07/24/2019	Debt collection agency	Art. 6 GDPR	
140	https://www.privacyaffairs.com/wp-content/uploads/2019/10/hungary.svg	Hungary	15100	Hungarian 
141	https://www.privacyaffairs.com/wp-content/uploads/2019/10/spain.svg	Spain	75000	Spanish Data Protection Authority (AEPD)	11/28/2019	Curenergía Comercializador de último recurso	Art. 6 GDPR	
142	https://www.privacyaffairs.com/wp-content/uploads/2019/10/spain.svg	Spain	21000	Spanish Data Protection Authority (AEPD)	10/19/2019	Vodafone Espana	Art. 6 (1) GDPR	
143	https://www.privacyaffairs.com/wp-content/uploads/2019/10/spain.svg	Spain	36000	Spanish Data Protection Authority (AEPD)	04/01/2019	Vodafone Espana	Art. 5 (1) f) GDPR	
144	https://www.privacyaffairs.com/wp-content/uploads/2019/10/spain.svg	Spain	48000	Spanish Data Protection Authority (AEPD)	06/24/2019	Vodafone O
"145	https://www.privacyaffairs.com/wp-content/uploads/2019/10/spain.svg	Spain	30000	Spanish Data Protection Authority (AEPD)	06/24/2019	Vodafone Espana	Art. 5 (1) f) GDPR|Art. 32 GDPR	Failure to implement sufficient measures to ensure information security	https://www.aepd.es/resoluciones/PS-00205-2019_ORI.pdf	The personal data of a customer was disclosed to a different customer through SMS. The original fine of €50,000 was reduced to €20,000."
146	https://www.privacyaffairs.com/wp-content/uploads/2019/10/spain.svg	Spain	40000	Spanish Data Protection Authority (AEPD)	03/22/2019	Vodafone Espana	Art. 6 GDPR	
"147	https://www.privacyaffairs.com/wp-content/uploads/2019/10/spain.svg	Spain	3600	Spanish Data Protection Authority (AEPD)	04/15/2019	AMADOR RECREATIVOS, S.L	Art. 5 (1) c) GDPR	"
148	https://www.privacyaffairs.com/wp-content/uploads/2019/10/spain.svg	Spain	9000	Spanish Data Protection Authority (AEPD)	05/08/2019	Private individual	Art. 5 (1) c) GDPR	
149	https://www.privacyaffairs.com/wp-content/uploads/2019/10/spain.svg	Spain	20000	Spanish Data Protection Authority (AEPD)	04/08/2019	Private individual	Art. 5 (1) c) GDPR	
150	https://www.privacyaffairs.com/wp-content/uploads/2019/10/spain.svg	Spain	48000	Spanish Data Protection Authority (AEPD)	05/06/2019	Telefónica SA	Art. 5 (1) a) GDPR	
151	https://www.privacyaffairs.com/wp-content/uploads/2019/10/belgium.svg	Belgium	2000	Belgian Data Protection Authority (APD)	12/16/2019	
152	https://www.privacyaffairs.com/wp-content/uploads/2019/10/hungary.svg	Hungary	1500	Hungarian 
153	https://www.privacyaffairs.com/wp-content/uploads/2019/10/hungary.svg	Hungary	90	Hungarian 
154	https://www.privacyaffairs.com/wp-content/uploads/2019/10/hungary.svg	Hungary	7400	Hungarian 
155	https://www.privacyaffairs.com/wp-content/uploads/2019/10/spain.svg	Spain	1600	Spanish Data Protection Authority (AEPD)	12/10/2019	Megastar SL	Art. 5 (1) c) GDPR|Art. 13 GDPR	
156	https://www.privacyaffairs.com/wp-content/uploads/2019/10/spain.svg	Spain	1500	Spanish Data Protection Authority (AEPD)	12/03/2019	Cerrajeria Verin S.L.	Art. 13 GDPR	Information obligation non-compliance	https://www.aepd.es/resoluciones/PS-00265-2019_ORI.pdf	The company was fined because it collected personal data without providing accurate information about its data processing activities on their privacy policy page on their website.
157	https://www.privacyaffairs.com/wp-content/uploads/2019/10/spain.svg	Spain	5000	Spanish Data Protection Authority (AEPD)	12/03/2019	Linea Directa Aseguradora	Art. 6 GDPR	
158	https://www.privacyaffairs.com/wp-content/uploads/2019/10/spain.svg	Spain	6000	Spanish Data Protection Authority (AEPD)	11/19/2019	Sports Bar	Art. 5 (1) c) GDPR	
159	https://www.privacyaffairs.com/wp-content/uploads/2019/10/spain.svg	Spain	60000	Spanish Data Protection Authority (AEPD)	11/06/2019	Vodafone Espana	Art. 6 GDPR	
160	https://www.privacyaffairs.com/wp-content/uploads/2019/10/spain.svg	Spain	60000	Spanish Data Protection Authority (AEPD)	10/23/2019	Vodafone Espana	Art. 5 (1) f) GDPR	Failure to implement sufficient measures to ensure information security	https://www.aepd.es/resoluciones/PS-00249-2019_ORI.pdf	Invoicing details of a customer were sent to a third party customer during an invoicing complaint.
"161	https://www.privacyaffairs.com/wp-content/uploads/2019/10/spain.svg	Spain	5000	Spanish Data Protection Authority (AEPD)	12/10/2019	Shop Macoyn, S.L.	Art. 32 GDPR	Failure to implement sufficient measures to ensure information security	https://www.aepd.es/es/documento/ps-00320-2019.pdf	The company sent advertising emails to multiple recipients where every one of the recipients was able to see the email address of all other recipients. This was because the sender sent all the email addresses as CC instead of BCC."
162	https://www.privacyaffairs.com/wp-content/uploads/2019/10/romania.svg	Romania	2000	Romanian 
163	https://www.privacyaffairs.com/wp-content/uploads/2019/10/romania.svg	Romania	2000	Romanian 
164	https://www.privacyaffairs.com/wp-content/uploads/2019/10/romania.svg	Romania	2000	Romanian 
165	https://www.privacyaffairs.com/wp-content/uploads/2019/10/romania.svg	Romania	500	Romanian 
166	https://www.privacyaffairs.com/wp-content/uploads/2019/10/romania.svg	Romania	3000	Romanian 
"167	https://www.privacyaffairs.com/wp-content/uploads/2019/10/united-kingdom.svg	United Kingdom	320000	Information Commissioner (ICO)	12/20/2019	Doorstep Dispensaree	Art. 32 GDPR	Failure to implement sufficient measures to ensure information security	https://ico.org.uk/media/action-weve-taken/enforcement-notices/2616741/doorstop-en-20191217.pdf	The company had stored some 500,000 documents containing names, addresses, dates of birth, "
168	https://www.privacyaffairs.com/wp-content/uploads/2019/10/netherlands.svg	
169	https://www.privacyaffairs.com/wp-content/uploads/2019/10/greece.svg	Greece	20000	Hellenic Data Protection Authority (HDPA)	10/18/2019	Wind Hellas Telecommunications	Art. 21 GDPR	
170	https://www.privacyaffairs.com/wp-content/uploads/2019/10/sweden.svg	Sweden	35000	Data Protection Authority of Sweden	12/16/2019	
171	https://www.privacyaffairs.com/wp-content/uploads/2019/10/belgium.svg	Belgium	15000	Belgian Data Protection Authority (APD)	12/17/2019	Legal information wesbite	Art. 6 GDPR|Art. 12 GDPR|Art. 13 GDPR	
172	https://www.privacyaffairs.com/wp-content/uploads/2019/10/bulgaria.svg	Bulgaria	28100	Data Protection Commission of Bulgaria (KZLD)	09/03/2019	
173	https://www.privacyaffairs.com/wp-content/uploads/2019/10/bulgaria.svg	Bulgaria	11760	Data Protection Commission of Bulgaria (KZLD)	09/03/2019	Commercial representative of telecommunication service provider	Art. 6 (1) GDPR	
174	https://www.privacyaffairs.com/wp-content/uploads/2019/10/bulgaria.svg	Bulgaria	5113	Bulgarian Commission for Personal Data Protection (KZLD)	09/03/2019	Telecommunication service provider	Art. 6 GDPR	
175	https://www.privacyaffairs.com/wp-content/uploads/2019/10/bulgaria.svg	Bulgaria	5112	Data Protection Commission of Bulgaria (KZLD)	10/08/2019	Interior Ministry	Art. 6 (1) GDPR	
176	https://www.privacyaffairs.com/wp-content/uploads/2019/10/bulgaria.svg	Bulgaria	1121	Data Protection Commission of Bulgaria (KZLD)	09/03/2019	Private enforcement agent	Art. 12 (4) GDPR|Art. 15 GDPR	
177	https://www.privacyaffairs.com/wp-content/uploads/2019/10/bulgaria.svg	Bulgaria	1022	Data Protection Commission of Bulgaria (KZLD)	09/03/2019	Telecom company	Art. 6 (1) GDPR|Art. 25 (1) GDPR	
178	https://www.privacyaffairs.com/wp-content/uploads/2019/10/bulgaria.svg	Bulgaria	511	Data Protection Commission of Bulgaria (KZLD)	10/28/2019	Employer	Art. 12 (3) GDPR|Art. 15 (1) GDPR	
179	https://www.privacyaffairs.com/wp-content/uploads/2019/10/bulgaria.svg	Bulgaria	511	Data Protection Commission of Bulgaria (KZLD)	10/07/2019	BD	Art. 31 GDPR	Lack of cooperation with Data Protection Authority	https://www.cpdp.bg/index.php?p=element&aid=1219	BD was fined with €511 because it failed to provide access to information which the national DPA requested in order to resolve a complaint.
180	https://www.privacyaffairs.com/wp-content/uploads/2019/10/germany.svg	Germany	800	Data Protection Authority of Mecklenburg-Vorpommern	08/06/2019	Police Officer	Art. 6 GDPR	
181	https://www.privacyaffairs.com/wp-content/uploads/2019/10/germany.svg	Germany	118	Data Protection Authority of Saarland	01/01/2019	Unknown	Art. 6 GDPR	
182	https://www.privacyaffairs.com/wp-content/uploads/2019/10/germany.svg	Germany	294000	Data Protection Authority of 
"183	https://www.privacyaffairs.com/wp-content/uploads/2019/10/cyprus.svg	Cyprus	9000	Cypriot Data Protection Commissioner	01/13/2020	Government agency	Art. 32 GDPR	Failure to implement sufficient measures to ensure information security	http://www.dataprotection.gov.cy/dataprotection/dataprotection.nsf/All/ACDFDC478581BEE1C22584EE002EE9C2?OpenDocument	The government agency was fined due to granting the police access to data and failing to implement adequate measures to secure the data, even after being warned by the national DPA."
184	https://www.privacyaffairs.com/wp-content/uploads/2019/10/cyprus.svg	Cyprus	1000	Cypriot Data Protection Commissioner	01/13/2020	M.L. Pro.Fit Solutions LTD	Art. 6 GDPR	
185	https://www.privacyaffairs.com/wp-content/uploads/2019/10/cyprus.svg	Cyprus	70000	Cypriot Data Protection Commissioner	10/25/2019	LGS Handling Ltd	Art. 6 GDPR|Art. 9 GDPR	
186	https://www.privacyaffairs.com/wp-content/uploads/2019/10/cyprus.svg	Cyprus	10000	Cypriot Data Protection Commissioner	10/25/2019	Louis Travel Ltd	Art. 6 GDPR|Art. 9 GDPR	
187	https://www.privacyaffairs.com/wp-content/uploads/2019/10/cyprus.svg	Cyprus	2000	Cypriot Data Protection Commissioner	10/25/2019	Louis Aviation Ltd	Art. 6 GDPR|Art. 9 GDPR	
"188	https://www.privacyaffairs.com/wp-content/uploads/2019/10/greece.svg	Greece	15000	Hellenic Data Protection Authority (HDPA)	01/13/2020	Allseas Marine S.A.	Art. 5 (1) a), (2) GDPR	"
189	https://www.privacyaffairs.com/wp-content/uploads/2019/10/italy.svg	Italy	8500000	Italian Data Protection Authority (Garante)	01/17/2020	Eni Gas e Luce	Art. 5 GDPR|Art. 6 GDPR|Art. 17 GDPR|Art. 21 GDPR	
190	https://www.privacyaffairs.com/wp-content/uploads/2019/10/italy.svg	Italy	3000000	Italian Data Protection Authority (Garante)	01/17/2020	Eni Gas e Luce	Art. 5 GDPR|Art. 6 GDPR	
191	https://www.privacyaffairs.com/wp-content/uploads/2019/10/romania.svg	Romania	6000	Romanian 
192	https://www.privacyaffairs.com/wp-content/uploads/2019/10/romania.svg	Romania	5000	Romanian 
193	https://www.privacyaffairs.com/wp-content/uploads/2019/10/romania.svg	Romania	5000	Romanian 
194	https://www.privacyaffairs.com/wp-content/uploads/2019/10/romania.svg	Romania	14000	Romanian 
195	https://www.privacyaffairs.com/wp-content/uploads/2019/10/spain.svg	Spain	3000	Spanish Data Protection Authority (AEPD)	01/09/2020	Vodafone Espana	Art. 58 GDPR	
196	https://www.privacyaffairs.com/wp-content/uploads/2019/10/spain.svg	Spain	44000	Spanish Data Protection Authority (AEPD)	01/07/2020	Vodafone Espana	Art. 5 (1) f) GDPR	Failure to comply with data processing principles	https://www.aepd.es/es/documento/ps-00093-2019.pdf	The company was fined because it sent a contract that included the name and address and contact details of a client to a third party by accident.
197	https://www.privacyaffairs.com/wp-content/uploads/2019/10/spain.svg	Spain	75000	Spanish Data Protection Authority (AEPD)	01/07/2020	EDP España S.A.U.	Art. 6 GDPR	
"198	https://www.privacyaffairs.com/wp-content/uploads/2019/10/spain.svg	Spain	75000	Spanish Data Protection Authority (AEPD)	01/07/2020	EDP Comercializadora, S.A.U.	Art. 6 GDPR	"
199	https://www.privacyaffairs.com/wp-content/uploads/2019/10/spain.svg	Spain	10000	Spanish Data Protection Authority (AEPD)	01/07/2020	Asociación de Médicos Demócratas	Art. 6 GDPR	
200	https://www.privacyaffairs.com/wp-content/uploads/2019/10/italy.svg	Italy	27802946	Italian Data Protection Authority (Garante)	02/01/2020	TIM - Telecom Provider	Art. 58(2) GDPR	
201	https://www.privacyaffairs.com/wp-content/uploads/2019/10/spain.svg	Spain	60000	Spanish Data Protection Authority (AEPD)	02/03/2020	Xfera Moviles S.A.	Art. 5 GDPR|Art. 6 GDPR	
"202	https://www.privacyaffairs.com/wp-content/uploads/2019/10/spain.svg	Spain	75000	Spanish Data Protection Authority (AEPD)	02/03/2020	Vodafone España, S.A.U.	Art. 5 GDPR|Art. 6 GDPR	"
"203	https://www.privacyaffairs.com/wp-content/uploads/2019/10/spain.svg	Spain	60000	Spanish Data Protection Authority (AEPD)	02/03/2020	Vodafone España, S.A.U.	Art. 5 GDPR|Art. 6 GDPR	"
"204	https://www.privacyaffairs.com/wp-content/uploads/2019/10/spain.svg	Spain	50000	Spanish Data Protection Authority (AEPD)	02/03/2020	Vodafone España, S.A.U.	Art. 5 GDPR	"
205	https://www.privacyaffairs.com/wp-content/uploads/2019/10/spain.svg	Spain	20000	Spanish Data Protection Authority (AEPD)	02/03/2020	Iberia Lineas Aereas	Art. 5 GDPR|Art. 6 GDPR|Art. 21 GDPR	
"206	https://www.privacyaffairs.com/wp-content/uploads/2019/10/spain.svg	Spain	75000	Spanish Data Protection Authority (AEPD)	02/03/2020	Vodafone España, S.A.U.	Art. 5 GDPR|Art. 6 GDPR	"
207	https://www.privacyaffairs.com/wp-content/uploads/2019/10/spain.svg	Spain	6670	Spanish Data Protection Authority (AEPD)	02/03/2020	Banco Bilbao	Art. 5 GDPR|Art. 6 GDPR|Art. 21 GDPR	
208	https://www.privacyaffairs.com/wp-content/uploads/2019/10/spain.svg	Spain	5000	Spanish Data Protection Authority (AEPD)	02/03/2020	Queseria Artesenal Ameco S.L.	Art. 5 GDPR|Art. 6 GDPR	
209	https://www.privacyaffairs.com/wp-content/uploads/2019/10/spain.svg	Spain	800	Spanish Data Protection Authority (AEPD)	02/03/2020	Private person	Art. 5 GDPR|Art. 6 GDPR	
210	https://www.privacyaffairs.com/wp-content/uploads/2019/10/spain.svg	Spain	1500	Spanish Data Protection Authority (AEPD)	02/04/2020	Cafetería 
"211	https://www.privacyaffairs.com/wp-content/uploads/2019/10/spain.svg	Spain	3600	Spanish Data Protection Authority (AEPD)	01/14/2020	Zhang Bordeta 2006, S.L.	Art. 5 GDPR|Art. 6 GDPR	"
212	https://www.privacyaffairs.com/wp-content/uploads/2019/10/italy.svg	Italy	10000	Italian Data Protection Authority (Garante)	01/15/2020	Francavilla Fontana	Art. 5 GDPR|Art. 6 GDPR	
"213	https://www.privacyaffairs.com/wp-content/uploads/2019/10/germany.svg	Germany	51000	Data Protection Authority of Hamburg	01/01/2019	Facebook	Art. 37 GDPR	Failure to appoint a data protection officer	https://datenschutz-hamburg.de/assets/pdf/28._Taetigkeitsbericht_Datenschutz_2019_HmbBfDI.pdf	The German branch of Facebook was fined by €51,000 because it failed to appoint a data protection officer. Facebook argued that it did in fact appoint a data protection officer in Ireland who acted as a data protection officer for all the local European Facebook branches. The Data Protection Authority of Hamburg, however, argued that Facebook did not notify the German authority about this appointment, and as such, the fine is valid. The reason the fine was relatively small was that Facebook did, after all, appoint a DPO but failed to notify German authorities. The fine was given to Facebook Germany GmbH, which is the local German branch of the company.The fine was issued sometimes in 2019 but was only made public by the Data Protection Authority of Hamburg in February 2020. The exact date of the fine was not revealed."
214	https://www.privacyaffairs.com/wp-content/uploads/2019/10/spain.svg	Spain	48000	Spanish Data Protection Authority (AEPD)	02/28/2020	Vodafone O
215	https://www.privacyaffairs.com/wp-content/uploads/2019/10/spain.svg	Spain	120000	Spanish Data Protection Authority (AEPD)	02/27/2020	Vodafone España	Art. 5 GDPR	
216	https://www.privacyaffairs.com/wp-content/uploads/2019/10/spain.svg	Spain	48000	Spanish Data Protection Authority (AEPD)	02/25/2020	HM Hospitales	Art. 5 GDPR|Art. 6 GDPR	
217	https://www.privacyaffairs.com/wp-content/uploads/2019/10/spain.svg	Spain	1500	Spanish Data Protection Authority (AEPD)	02/18/2020	Mymoviles Europa 2000	Art. 13 GDPR	Insufficient fulfilment of information obligations	https://www.aepd.es/es/documento/ps-00423-2019.pdf	The Spanish Data Protection Authority determined that the company did not publish a privacy statement on its website and the short legal notice that was posted was not enough to properly identify the company and explain its data processing policies.
218	https://www.privacyaffairs.com/wp-content/uploads/2019/10/spain.svg	Spain	2500	Spanish Data Protection Authority (AEPD)	02/14/2020	Grupo Valsor Y Losan	Art. 5 (1) f) GDPR	
219	https://www.privacyaffairs.com/wp-content/uploads/2019/10/spain.svg	Spain	3000	Spanish Data Protection Authority (AEPD)	02/14/2020	Colegio Arenales Carabanchel	Art. 6 GDPR	
220	https://www.privacyaffairs.com/wp-content/uploads/2019/10/spain.svg	Spain	50000	Spanish Data Protection Authority (AEPD)	02/14/2020	Iberdrola Clientes	Art. 6 GDPR	
221	https://www.privacyaffairs.com/wp-content/uploads/2019/10/spain.svg	Spain	42000	Spanish Data Protection Authority (AEPD)	02/14/2020	Vodafone España	Art. 32 GDPR	Failure to implement sufficient measures to ensure information security	https://www.aepd.es/es/documento/ps-00471-2019.pdf	An individual reported having had access to the personal data to third parties in their personal Vodafone profile.
222	https://www.privacyaffairs.com/wp-content/uploads/2019/10/spain.svg	Spain	30000	Spanish Data Protection Authority (AEPD)	02/14/2020	Xfera Moviles S.A.	Art. 32 GDPR	Failure to implement sufficient measures to ensure information security	https://www.aepd.es/es/documento/ps-00385-2019.pdf	The Spanish Data Protection Authority determined that a customer of the company had access to the personal data of other customers.
223	https://www.privacyaffairs.com/wp-content/uploads/2019/10/spain.svg	Spain	24000	Spanish Data Protection Authority (AEPD)	03/03/2020	Vodafone España	Art. 5 GDPR|Art. 6 GDPR	
224	https://www.privacyaffairs.com/wp-content/uploads/2019/10/spain.svg	Spain	40000	Spanish Data Protection Authority (AEPD)	03/03/2020	Vodafone España	Art. 5 GDPR	
225	https://www.privacyaffairs.com/wp-content/uploads/2019/10/spain.svg	Spain	42000	Spanish Data Protection Authority (AEPD)	03/03/2020	Vodafone España	Art. 32 GDPR	Failure to implement sufficient measures to ensure information security	https://www.aepd.es/es/documento/ps-00474-2019.pdf	A client&#8217;s personal data was accessed without authorization. The AEPD explained that this happened due to lack of technical and organizational measures taken by the company to ensure information security.
226	https://www.privacyaffairs.com/wp-content/uploads/2019/10/spain.svg	Spain	1800	Spanish Data Protection Authority (AEPD)	03/03/2020	Solo Embrague	Art. 13 GDPR	Insufficient fulfilment of information obligations	https://www.aepd.es/es/documento/ps-00469-2019.pdf	The website of the company did not contain a privacy policy or a cookie banner.
227	https://www.privacyaffairs.com/wp-content/uploads/2019/10/netherlands.svg	
228	https://www.privacyaffairs.com/wp-content/uploads/2019/10/republic-of-poland.svg	Poland	4600	Polish 
229	https://www.privacyaffairs.com/wp-content/uploads/2019/10/spain.svg	Spain	4000	Private person	03/06/2020	Spanish Data Protection Authority (AEPD)	Art. 5 GDPR	
230	https://www.privacyaffairs.com/wp-content/uploads/2019/10/italy.svg	Italy	4000	Italian Data Protection Authority (Garante)	03/06/2020	Liceo Scientifico 
231	https://www.privacyaffairs.com/wp-content/uploads/2019/10/italy.svg	Italy	4000	Italian Data Protection Authority (Garante)	03/06/2020	Liceo Artistico Statale di 
232	https://www.privacyaffairs.com/wp-content/uploads/2019/10/spain.svg	Spain	15000	Spanish Data Protection Authority (AEPD)	03/09/2020	Gesthotel Activos Balagares	Art. 5 (1) f) GDPR	
233	https://www.privacyaffairs.com/wp-content/uploads/2019/11/iceland.svg	Iceland	9000	Icelandic Data Protection Authority ('Persónuvernd')	03/10/2020	Breiðholt School	Art. 5 (1) f) GDPR|Art. 32 GDPR	Failure to implement sufficient measures to ensure information security	https://www.personuvernd.is/urlausnir/nr/2885	A teacher had sent an email to parents and students that contained an attachment that had detailed information on the well-being and academic performance of all students.
234	https://www.privacyaffairs.com/wp-content/uploads/2019/11/iceland.svg	Iceland	20600	Icelandic Data Protection Authority ('Persónuvernd')	03/10/2020	Addiction Medicine Center	Art. 5 (1) f) GDPR|Art. 32 GDPR	Failure to implement sufficient measures to ensure information security	https://www.personuvernd.is/urlausnir/nr/2882	A former employee of 
"235	https://www.privacyaffairs.com/wp-content/uploads/2019/10/denmark.svg	Denmark	14000	Danish Data Protection Authority (Datatilsynet)	03/10/2020	Gladsaxe Municipality	Art. 5 (1) f) GDPR|Art. 32 GDPR	Failure to implement sufficient measures to ensure information security	https://www.datatilsynet.dk/presse-og-nyheder/nyhedsarkiv/2020/mar/to-kommuner-indstillet-til-boede/	A computer that belonged to the administration of the municipality was stolen. The computer was not encrypted and it included the personal identification numbers of 20,620 residents."
"236	https://www.privacyaffairs.com/wp-content/uploads/2019/10/denmark.svg	Denmark	7000	Danish Data Protection Authority (Datatilsynet)	03/10/2020	Hørsholm Municipality	Art. 5 (1) f) GDPR|Art. 32 GDPR	Failure to implement sufficient measures to ensure information security	https://www.datatilsynet.dk/presse-og-nyheder/nyhedsarkiv/2020/mar/to-kommuner-indstillet-til-boede/	A work computer belonging to a city government employee was stolen. The computer contained personal data of around 1,600 city government employees as well as sensitive information such as social security numbers."
"237	https://www.privacyaffairs.com/wp-content/uploads/2019/10/sweden.svg	Sweden	7000000	Data Protection Authority of Sweden	03/11/2020	Google	Art. 5 GDPR|Art. 6 GDPR|Art. 17 GDPR	Failure to comply with data processing principles	https://www.datainspektionen.se/globalassets/dokument/beslut/2020-03-11-beslut-google.pdf	Google was fined with €7,000,000 by the Swedish Data Protection Authority due to failing to adequately comply with its obligations regarding the right of data subjects to have their search results removed from Google search. The Data Protection Authority of Sweden had already completed an investigation on Google in 2017 where it investigated how the company dealt with individuals&#8217; requests to be removed from search results. At that time, the Data Protection Authority instructed Google to be more pro-active in executing these removal requests. In 2018 the Authority initialed a further investigation after it was reported that Google did not remove search results related to individuals even after the earlier instructions in 2017 to do so. The Authority also questioned Google&#8217;s practice of informing website owners about which search results Google had removed, specifically which link (search result) has been removed and who was behind the removal request."
238	https://www.privacyaffairs.com/wp-content/uploads/2019/10/romania.svg	Romania	3000	Romanian 
239	https://www.privacyaffairs.com/wp-content/uploads/2019/10/romania.svg	Romania	3000	Romanian 
240	https://www.privacyaffairs.com/wp-content/uploads/2019/10/romania.svg	Romania	4150	Romanian 
241	https://www.privacyaffairs.com/wp-content/uploads/2019/10/romania.svg	Romania	3000	Romanian 
242	https://www.privacyaffairs.com/wp-content/uploads/2019/10/romania.svg	Romania	2000	Romanian 
"243	https://www.privacyaffairs.com/wp-content/uploads/2019/11/croatia.svg	Croatia	0	Croatian Data Protection Authority (AZOP)	03/13/2020	Bank (unknown)	Art. 15 (1), (3) GDPR	Information obligation non-compliance	https://azop.hr/aktualno/detaljnije/rjesenje-kojim-se-izrice-upravno-novcana	The bank did not provide its customers with copies of credit documentation (interest changes reviews, repayment plans, and loan agreement annexes) in the period from May 2018 to April 2019. In this sense, the bank went ahead and argued that its decision was the right one since the documentation would be related to repaid loans, which a customer shouldn&#8217;t have the right to access. A data subject alerted the DPA, which demanded that the bank provide copies of the loan documentation to the data subject. The DPA fined the bank (a specific sum is still unknown) taking into consideration the financial institution&#8217;s continued refusal for over a year to deny the right of access to such documentation to over 2.500 customers."
244	https://www.privacyaffairs.com/wp-content/uploads/2019/10/czech-republic.svg	Czech Republic	10000	Czech Data Protection Auhtority (UOOU)	03/21/2019	Unknown	Art. 5 (1) GDPR	
"245	https://www.privacyaffairs.com/wp-content/uploads/2019/10/germany.svg	Germany	2000	Data Protection Authority of Saarland	01/01/2019	Restaurant	Art. 5 (1) c) GDPR	Failure to comply with data processing principles	https://www.datenschutz.saarland.de/fileadmin/user_upload/uds/tberichte/tb28_2019.pdf	The video surveillance cameras had been misused, clearly not in accord with the data minimization principle."
"246	https://www.privacyaffairs.com/wp-content/uploads/2019/10/germany.svg	Germany	20000	Data Protection Authority of Hamburg	01/01/2019	https://datenschutz-hamburg.de/assets/pdf/28._Taetigkeitsbericht_Datenschutz_2019_HmbBfDI.pdf	Art. 33 GDPR|Art. 34 GDPR	Failure to implement sufficient measures to ensure information security	https://datenschutz-hamburg.de/assets/pdf/28._Taetigkeitsbericht_Datenschutz_2019_HmbBfDI.pdf	HVV GmbH had not reported a data breach to the data protection authority in due time. This data breach was related to the security gap in the Customer E-Service, in that that clients with an HVV card who logged in the CES could access the data of other customers by changing the URL to match their data profile."
"247	https://www.privacyaffairs.com/wp-content/uploads/2019/10/germany.svg	Germany	80000	Data Protection Authority of Baden-Wuerttemberg	04/04/2019	Company in the financial sector	Art. 5 GDPR|Art. 32 GDPR	Failure to implement sufficient measures to ensure information security	https://www.baden-wuerttemberg.datenschutz.de/wp-content/uploads/2019/07/PM-Datenschutzverletzungen-bereiten-zunehmend-Sorge-30.07.2019.pdf	The fine was issued because, in April 2019, the company hadn’t taken the necessary measures to ensure the integrity and confidentiality of information (as per Art. 5 para. 1 lit. f GDPR) when it disposed of documents that contained personal information of two clients. We should mention that the documents were simply disposed of in the general waste recycling system where they were found by a neighbor."
248	https://www.privacyaffairs.com/wp-content/uploads/2019/10/germany.svg	Germany	200	Data Protection Authority of 
"249	https://www.privacyaffairs.com/wp-content/uploads/2019/10/germany.svg	Germany	100000	Data Protection Authority of Baden-Wuerttemberg	10/24/2019	Food company	Art. 5 GDPR|Art. 32 GDPR	Failure to implement sufficient measures to ensure information security	https://www.baden-wuerttemberg.datenschutz.de/wp-content/uploads/2020/01/35.-T%C3%A4tigkeitsbericht-f%C3%BCr-den-Datenschutz-Web.pdf#page=44&zoom=100,0,0	Upon creation of an applicant portal where interested parties could apply their documents for a job, the food company failed to encrypt the applicant portal. The transmission of the data had no encryption and the data storage was completely unencrypted and offered no password-protected security systems. Moreover, the data was linked to Google, so anyone could find the applicants&#8217; documents and retrieve them after a simple Google search."
"250	https://www.privacyaffairs.com/wp-content/uploads/2019/10/greece.svg	Greece	150000	Hellenic Data Protection Authority (HDPA)	12/19/2019	""Aegean Marine Petroleum "
